{"training/clipfrac":0.032806396484375,"training/SPS":294,"Test/Episode Reward Student on ":284.4510312399615,"Test/Mean entropy Student on ":0.40613365173339844,"training/v_loss":8.870969772338867,"training/grad_norm":10.804978370666504,"training/ent_coef":2.8500920552555182e-05,"iteration":355,"Test/Video Student on ":{"sha256":"d23f62935d75faa36a569465c5b34b2ae2b069a3f4575f9e6d849cb48d6b3614","size":31413,"path":"media/videos/Test/Video Student on _5799937_d23f62935d75faa36a56.mp4","caption":"rl-video-episode-14.mp4","_type":"video-file"},"training/approx_kl":0.007507397327572107,"_timestamp":1.7630684327910511e+09,"_step":5799937,"global_step":5816320,"training/entropy":0.38531219959259033,"training/avg_reward":274.15826446359154,"_runtime":19808,"training/n_better_episodes":52,"_wandb":{"runtime":19808},"training/pg_loss":0.015932828187942505}