{"_wandb":{"runtime":491},"_runtime":491.89842952,"_step":16384,"Teacher_training/chart/Average_reward":-53.577945709228516,"_timestamp":1.7619227911868541e+09}