{"training/clipfrac":0.3098297119140625,"Test/Episode Reward Student on ":-40.31369553784363,"_timestamp":1.7629635011367497e+09,"training/entropy":2.018620729446411,"training/ent_coef":0.0009227446944279201,"training/pg_loss":-0.06614100188016891,"training/grad_norm":0.7989183068275452,"training/avg_reward":NaN,"training/SPS":58,"iteration":8,"training/approx_kl":0.04725470766425133,"Test/Mean entropy Student on ":2.0982799530029297,"global_step":131072,"_runtime":2361.176791464,"training/v_loss":0.054923705756664276,"_step":131072,"_wandb":{"runtime":2361},"training/n_better_episodes":0}