{
  "clip_coef": 0.11745718152107665,
  "ent_coef": 0.00018668967744566838,
  "gae_lambda": 0.9203205300399961,
  "gamma": 0.9926986341006019,
  "hidden_size": 128,
  "learning_rate": 0.002934345147795285,
  "minibatch_size": 64,
  "num_envs": 64,
  "update_epochs": 20,
  "vf_coef": 0.1660765421573229
}