{"training/approx_kl":0.00026502693071961403,"global_step":1152,"training/grad_norm":10.766657829284668,"training/v_loss":51.752784729003906,"Test/Episode Reward Student on ":-504.121626781133,"Test/Video Student on ":{"_type":"video-file","sha256":"dd32cf23a00d5c468ecdad832d1c2ff646495c1428d8ec4c81c1412d22f0316b","size":2488,"path":"media/videos/Test/Video Student on _1_dd32cf23a00d5c468ecd.mp4","caption":"rl-video-episode-0.mp4"},"_timestamp":1.7629530828633397e+09,"Test/Mean entropy Student on ":1.38595449924469,"training/pg_loss":-0.00018336251378059387,"training/SPS":68,"iteration":1,"training/ent_coef":0,"training/clipfrac":0,"training/n_better_episodes":0,"training/avg_reward":NaN,"training/entropy":1.386049509048462,"_wandb":{"runtime":16},"_runtime":16.306255142,"_step":1152}