{"training/n_better_episodes":0,"_timestamp":1.7630316725516744e+09,"Test/Mean entropy Student on ":10.256709098815918,"training/approx_kl":2032.107666015625,"_wandb":{"runtime":254},"training/pg_loss":0.2948750853538513,"training/ent_coef":0.00099,"training/avg_reward":NaN,"Test/Episode Reward Student on ":-16.590529327904612,"iteration":1,"training/entropy":10.256815910339355,"training/SPS":69,"_step":16384,"_runtime":254.115818239,"training/grad_norm":0.07687203586101532,"global_step":16384,"training/clipfrac":1,"training/v_loss":0.41859930753707886}