{"Test/Episode Reward Student on ":-17.654893107141753,"training/clipfrac":1,"global_step":16384,"_wandb":{"runtime":250},"_step":16384,"training/avg_reward":NaN,"_runtime":250.112370577,"iteration":1,"training/approx_kl":3498.937255859375,"Test/Mean entropy Student on ":15.992846488952637,"training/pg_loss":0.2948750853538513,"training/n_better_episodes":0,"training/v_loss":0.41870376467704773,"training/entropy":15.99288558959961,"training/grad_norm":0.1099771186709404,"training/ent_coef":0.00099,"training/SPS":70,"_timestamp":1.763030646288515e+09}