{"Test/Mean entropy Student on ":1.7476690233886316e-11,"test/accuracy_ID_under_T":0.11644597686827182,"test/accuracy_OD_under_T":0.04649773333221674,"training/avg_reward":-556.3288393866255,"iteration":97,"Test/Mean entropy Teacher (under Student) on ":0.08892451226711273,"Test/Video Student on ":{"sha256":"0d4cba61b6cdcfc78093af316e40d85e549175fa2ddf906f1b013652a4c508d4","size":22967,"path":"media/videos/Test/Video Student on _85253_0d4cba61b6cdcfc78093.mp4","caption":"rl-video-episode-9.mp4","_type":"video-file"},"training/SPS":88,"training/entropy":4.3564566779447653e-16,"training/Distillation_loss":94.43119812011719,"_timestamp":1.763043069847709e+09,"Test/Accuracy":0.04647887323943663,"training/approx_kl":0,"_wandb":{"runtime":1265},"training/v_loss":7.860705864004558e-09,"Test/Episode Reward Student on ":-548.4819248892312,"_step":111744,"_runtime":1265.342035001,"training/n_better_episodes":0,"global_step":111744,"training/grad_norm":15.966194152832031,"training/ent_coef":0.00037723664692350416}