{"training/clipfrac":0.7890960693359375,"_wandb":{"runtime":5709},"training/grad_norm":1.6870791912078857,"training/pg_loss":-0.13151521980762482,"_runtime":5709.381901693,"training/entropy":4.107150077819824,"training/v_loss":0.2941010296344757,"training/approx_kl":0.6388394832611084,"training/avg_reward":-23.71234253570707,"_step":147456,"Test/Episode Reward Student on ":-46.51400654496878,"iteration":9,"training/ent_coef":0.0009135172474836409,"Test/Mean entropy Student on ":2.19028902053833,"global_step":147456,"training/SPS":42,"_timestamp":1.7630242495544133e+09,"training/n_better_episodes":0}