{"_runtime":204.10213429,"training/entropy":1.0982823371887207,"training/avg_reward":-230.22445046798907,"training/approx_kl":1.5026889741420746e-05,"_timestamp":1.763037133174368e+09,"Test/Episode Reward Student on ":-628.1043863663332,"training/grad_norm":12.97928237915039,"_wandb":{"runtime":204},"training/Distillation_loss":18.99103546142578,"training/SPS":110,"training/v_loss":3.486576360955951e-08,"Test/Mean entropy Student on ":1.3709867000579834,"iteration":19,"Test/Video Student on ":{"size":29148,"path":"media/videos/Test/Video Student on _2_6fbd891228a385bb0cbc.mp4","caption":"rl-video-episode-1.mp4","_type":"video-file","sha256":"6fbd891228a385bb0cbc28c4f9c4bf65e538b05621fa5dd0a10e90c502350f38"},"_step":21888,"training/ent_coef":0.0008261686238355867,"global_step":21888,"training/n_better_episodes":0}