{"_timestamp":1.7629576339014919e+09,"_step":3,"Test/Mean entropy Student on ":1.085766077041626,"Test/Episode Reward Student on ":-504.121626781133,"iteration":25,"_wandb":{"runtime":351},"_runtime":351,"global_step":0,"Test/Video Student on ":{"size":11776,"path":"media/videos/Test/Video Student on _3_d4c805825bcd426d15db.mp4","caption":"rl-video-episode-1.mp4","_type":"video-file","sha256":"d4c805825bcd426d15dba9985d62e6cec8da8fa18d0b442adb3632bfd8454bee"}}