{"training/ent_coef":0,"Test/Episode Reward Student on ":-137.811947464881,"training/entropy":1.0884402990341187,"training/v_loss":540.6279907226562,"training/pg_loss":-0.002060282975435257,"training/clipfrac":0,"_runtime":354.133994626,"_wandb":{"runtime":354},"iteration":36,"training/n_better_episodes":0,"_step":41472,"global_step":41472,"training/approx_kl":0.0014008418656885624,"training/grad_norm":15.057416915893555,"Test/Mean entropy Student on ":1.0964099168777466,"training/SPS":119,"training/avg_reward":-164.18093872070312,"Test/Video Student on ":{"caption":"rl-video-episode-1.mp4","_type":"video-file","sha256":"0d4cba61b6cdcfc78093af316e40d85e549175fa2ddf906f1b013652a4c508d4","size":22967,"path":"media/videos/Test/Video Student on _27649_0d4cba61b6cdcfc78093.mp4"},"_timestamp":1.7629535224883947e+09}