{"_wandb":{"runtime":312},"training/v_loss":6.275104169617407e-08,"Test/Episode Reward Student on ":-504.121626781133,"training/n_better_episodes":0,"training/entropy":0.2799000144004822,"training/Distillation_loss":32.58783721923828,"Test/Video Student on ":{"path":"media/videos/Test/Video Student on _27649_d4c805825bcd426d15db.mp4","caption":"rl-video-episode-1.mp4","_type":"video-file","sha256":"d4c805825bcd426d15dba9985d62e6cec8da8fa18d0b442adb3632bfd8454bee","size":11776},"training/SPS":123,"_timestamp":1.7629580606288106e+09,"Test/Mean entropy Student on ":1.085766077041626,"iteration":33,"_step":38016,"training/approx_kl":0.0206113550812006,"training/ent_coef":0.0007177305325982749,"_runtime":312.093437133,"training/grad_norm":15.466493606567383,"global_step":38016,"training/avg_reward":-537.1220273921416}