{"Test/Video Student on ":{"caption":"rl-video-episode-3.mp4","_type":"video-file","sha256":"ad77e0932d99a65ea19db1305be547501b0c41774e767425ff46dc5625c79ab6","size":18223,"path":"media/videos/Test/Video Student on _79873_ad77e0932d99a65ea19d.mp4"},"Test/Episode Reward Student on ":-42.329773963131636,"_wandb":{"runtime":268},"_runtime":268.107404433,"global_step":88064,"training/avg_reward":-81.27192532509362,"training/approx_kl":0.028393015265464783,"training/entropy":2.262784242630005,"training/n_better_episodes":0,"training/clipfrac":0.3359375,"training/SPS":331,"_step":88064,"_timestamp":1.76304452384343e+09,"training/grad_norm":5.3325042724609375,"training/pg_loss":-0.04002951830625534,"Test/Mean entropy Student on ":1.1755807399749756,"training/v_loss":47.67184829711914,"training/ent_coef":0.0006491026283684022,"iteration":43}