{"Test/Video Student on ":{"sha256":"d4c805825bcd426d15dba9985d62e6cec8da8fa18d0b442adb3632bfd8454bee","size":11776,"path":"media/videos/Test/Video Student on _7_d4c805825bcd426d15db.mp4","caption":"rl-video-episode-3.mp4","_type":"video-file"},"Test/Mean entropy Teacher (under Student) on ":0.12427125126123428,"Test/Episode Reward Student on ":-727.7992600504401,"iteration":1,"global_step":1152,"_timestamp":1.7630417326589992e+09,"Test/Accuracy":0.027896995708154505,"_wandb":{"runtime":74},"_runtime":74,"Test/Mean entropy Student on ":1.371009111404419,"_step":7}