{"Teacher_training/charts/SPS":75,"Teacher_training/losses/explained_variance":1.2934207916259766e-05,"Teacher_training/charts/learning_rate":0.0001,"Teacher_training/video":{"size":5706,"path":"media/videos/Teacher_training/video_16384_83874d6c1804d8614397.mp4","caption":"rl-video-episode-1.mp4","_type":"video-file","sha256":"83874d6c1804d86143970963034d9b792e2ef9e258fee4ea5f595f453a6406c6"},"iteration":1,"Teacher_training/losses/value_loss":2.3178396224975586,"Teacher_training/losses/clipfrac":0.115692138671875,"Teacher_training/losses/policy_loss":-0.007800226099789143,"_runtime":342,"Teacher_training/losses/old_approx_kl":0.01910511590540409,"_step":16384,"Teacher_training/losses/approx_kl":0.012948878109455109,"Teacher_training/losses/Entropy_coef":0.0099,"Teacher_training/charts/N times avg reward >= target":0,"Teacher_training/chart/Average_reward":-57.011085510253906,"_wandb":{"runtime":342},"_timestamp":1.762253189137583e+09,"Teacher_training/losses/entropy":1.600340723991394}