{"training/v_loss":0.5379692316055298,"training/entropy":40.170936584472656,"_step":344064,"training/ent_coef":0.008097278682212584,"training/clipfrac":0.995941162109375,"training/approx_kl":18030.083984375,"training/pg_loss":-0.06397685408592224,"_runtime":2474.157543985,"Test/Mean entropy Student on ":6.424532890319824,"training/avg_reward":-45.26704788208008,"training/SPS":205,"_timestamp":1.7628687383550868e+09,"_wandb":{"runtime":2474},"iteration":21,"Test/Episode Reward Student on ":-92.99355449956168,"training/grad_norm":1.7375668287277222}