{"training/entropy":1.871132731437683,"training/ent_coef":0.0009227446944279201,"training/avg_reward":NaN,"training/v_loss":0.03304659575223923,"global_step":131072,"training/n_better_episodes":0,"Test/Episode Reward Student on ":-105.48785167823169,"Test/Mean entropy Student on ":2.100785732269287,"training/clipfrac":0.3543243408203125,"_step":131072,"_runtime":1082.38271204,"training/pg_loss":-0.05912565812468529,"_timestamp":1.7629512351732924e+09,"training/grad_norm":0.759910523891449,"training/approx_kl":0.06916827708482742,"training/SPS":122,"_wandb":{"runtime":1082},"iteration":8}