{"Test/Mean entropy Student on ":9.572467803955078,"training/entropy":9.595355033874512,"training/ent_coef":0.0099,"_step":16384,"global_step":16384,"training/SPS":209,"_runtime":264.125349105,"training/clipfrac":0.9640960693359375,"iteration":1,"_timestamp":1.7628698893644912e+09,"training/v_loss":1.261099100112915,"training/approx_kl":23.9222354888916,"training/avg_reward":-26.71369171142578,"_wandb":{"runtime":264},"training/grad_norm":22.401269912719727,"Test/Episode Reward Student on ":-14.327642200772326,"training/pg_loss":0.2895541191101074}