{"training/avg_reward":NaN,"training/SPS":28,"_timestamp":1.763037709363781e+09,"training/entropy":10.256815910339355,"Test/Mean entropy Student on ":10.256709098815918,"_wandb":{"runtime":598},"training/approx_kl":2032.107666015625,"training/v_loss":0.41859930753707886,"training/n_better_episodes":0,"_runtime":598.09876082,"iteration":1,"training/grad_norm":0.07687203586101532,"global_step":16384,"Test/Episode Reward Student on ":-16.590529327904612,"training/ent_coef":0.00099,"_step":16384,"training/clipfrac":1,"training/pg_loss":0.2948750853538513}