{"training/SPS":186,"global_step":12174336,"Test/Video Student on ":{"_type":"video-file","sha256":"b490b06fe0557046415fecea78d64505e661348d87bd632502c92e14c05dcc29","size":20040,"path":"media/videos/Test/Video Student on _12155905_b490b06fe0557046415f.mp4","caption":"rl-video-episode-131.mp4"},"training/n_better_episodes":0,"_timestamp":1.7631107619697313e+09,"Test/Episode Reward Student on ":-44.43761655678505,"training/clipfrac":0.4200303819444444,"_runtime":65404.401439882,"iteration":1321,"_step":12174336,"training/approx_kl":0.05646403133869171,"_wandb":{"runtime":65404},"training/pg_loss":0.0729263424873352,"training/avg_reward":-48.98534932622924,"training/grad_norm":19.866470336914062,"training/ent_coef":0,"training/entropy":-13.169210433959961,"Test/Mean entropy Student on ":-14.105718612670898,"training/v_loss":6.697661876678467}