{"training/n_better_episodes":0,"training/ent_coef":0.00099,"training/approx_kl":3498.937255859375,"training/avg_reward":NaN,"training/grad_norm":0.1099771186709404,"training/pg_loss":0.2948750853538513,"training/entropy":15.99288558959961,"_wandb":{"runtime":258},"_runtime":258.369462938,"training/clipfrac":1,"iteration":1,"_step":16384,"training/v_loss":0.41870376467704773,"training/SPS":68,"_timestamp":1.763030946568366e+09,"global_step":16384,"Test/Mean entropy Student on ":15.992846488952637,"Test/Episode Reward Student on ":-17.654893107141753}