{"training/grad_norm":2.1380207538604736,"training/entropy":1.442504644393921,"global_step":311296,"_timestamp":1.7630257072240484e+09,"Test/Video Student on ":{"caption":"rl-video-episode-0.mp4","_type":"video-file","sha256":"9dde07e4a6d15f6628eb3bd5264ee4aebf863444a56562e115c8b6f602bb34e0","size":139751,"path":"media/videos/Test/Video Student on _147457_9dde07e4a6d15f6628eb.mp4"},"Test/Mean entropy Student on ":1.8781383037567139,"training/clipfrac":0.5416473388671875,"_step":311296,"training/v_loss":0.29453080892562866,"_runtime":5721.194842572,"training/pg_loss":-0.09794392436742783,"training/approx_kl":0.12257622182369232,"training/SPS":63,"_wandb":{"runtime":5721},"training/avg_reward":NaN,"iteration":19,"Test/Episode Reward Student on ":-19.121033569401085,"training/ent_coef":0.0008261686238355867,"training/n_better_episodes":0}