{"_step":16384,"_wandb":{"runtime":504},"_runtime":504.082331712,"Teacher_training/chart/Average_reward":-58.549163818359375,"_timestamp":1.7619218319496677e+09}