{"training/n_better_episodes":0,"training/clipfrac":0.696649169921875,"iteration":7,"Test/Episode Reward Student on ":-46.51400654496878,"training/approx_kl":0.26037293672561646,"training/entropy":3.07432222366333,"training/pg_loss":-0.12943758070468903,"_step":114688,"_runtime":3035.434084767,"global_step":114688,"training/grad_norm":0.9400896430015564,"training/v_loss":0.5075762271881104,"training/SPS":38,"_wandb":{"runtime":3035},"Test/Mean entropy Student on ":2.19028902053833,"training/avg_reward":-26.41967222371152,"_timestamp":1.7629644988819678e+09,"training/ent_coef":0.0009320653479069899}