{"training/avg_reward":-28.85009765625,"iteration":22,"training/v_loss":0.25309279561042786,"training/ent_coef":0.00801630589539046,"_wandb":{"runtime":1096},"training/grad_norm":2.110846757888794,"training/clipfrac":0.097320556640625,"_timestamp":1.7628826860067983e+09,"training/pg_loss":-0.0013147257268428802,"Test/Mean entropy Student on ":2.147980213165283,"global_step":360448,"_runtime":1096.392996902,"Test/Episode Reward Student on ":-93.7278516782315,"training/entropy":2.647862434387207,"training/approx_kl":0.016931813210248947,"training/SPS":335,"_step":360448}