{"_wandb":{"runtime":154},"_runtime":154.85718111,"Teacher_training/chart/Average_reward":-56.54884338378906,"_timestamp":1.762188558138773e+09,"_step":16384}