{"global_step":16384,"training/approx_kl":2032.107666015625,"training/avg_reward":NaN,"_wandb":{"runtime":266},"_runtime":266.144306385,"training/grad_norm":0.07687203586101532,"Test/Episode Reward Student on ":-16.590529327904612,"training/ent_coef":0.00099,"iteration":1,"training/entropy":10.256815910339355,"training/clipfrac":1,"Test/Mean entropy Student on ":10.256709098815918,"training/pg_loss":0.2948750853538513,"training/v_loss":0.41859930753707886,"_step":16384,"training/n_better_episodes":0,"_timestamp":1.7630363772144256e+09,"training/SPS":66}