{"_runtime":1075.145214632,"training/grad_norm":0.759910523891449,"training/approx_kl":0.06916827708482742,"training/v_loss":0.03304659575223923,"_step":131072,"training/entropy":1.871132731437683,"training/pg_loss":-0.05912565812468529,"Test/Mean entropy Student on ":2.100785732269287,"training/ent_coef":0.0009227446944279201,"_timestamp":1.7628865014967382e+09,"iteration":8,"training/SPS":123,"training/clipfrac":0.3543243408203125,"global_step":131072,"training/avg_reward":NaN,"Test/Episode Reward Student on ":-105.48785167823169,"_wandb":{"runtime":1075}}