{"training/v_loss":0.41859930753707886,"training/grad_norm":0.07687203586101532,"_timestamp":1.76303222701547e+09,"training/clipfrac":1,"_wandb":{"runtime":487},"_runtime":487.344348148,"training/ent_coef":0.00099,"training/entropy":10.256815910339355,"global_step":16384,"training/n_better_episodes":0,"Test/Episode Reward Student on ":-16.590529327904612,"training/SPS":35,"training/avg_reward":NaN,"iteration":1,"training/approx_kl":2032.107666015625,"Test/Mean entropy Student on ":10.256709098815918,"training/pg_loss":0.2948750853538513,"_step":16384}