{
  "clip_coef": 0.1385341065408328,
  "ent_coef": 0.004928006954792773,
  "gae_lambda": 0.9683595512891491,
  "gamma": 0.995455232755407,
  "hidden_size": 256,
  "learning_rate": 0.00020617044077850044,
  "minibatch_size": 64,
  "num_envs": 8,
  "update_epochs": 40,
  "vf_coef": 0.21850086692982765
}