{"_timestamp":1.7628595131611195e+09,"training/pg_loss":-0.06397685408592224,"training/SPS":231,"Test/Mean entropy Student on ":6.424532890319824,"training/grad_norm":1.7375668287277222,"training/approx_kl":18030.083984375,"training/avg_reward":-45.26704788208008,"_step":344064,"Test/Episode Reward Student on ":-92.99355449956168,"_wandb":{"runtime":9023},"iteration":21,"training/clipfrac":0.995941162109375,"training/entropy":40.170936584472656,"training/ent_coef":0.008097278682212584,"training/v_loss":0.5379692316055298,"_runtime":9023.269401191}