{"_step":16384,"_wandb":{"runtime":8},"_runtime":8.101027056,"Teacher_training/chart/Average_reward":-166.444580078125,"_timestamp":1.7619215322727933e+09}