{"training/approx_kl":0.17570063471794128,"training/SPS":122,"_step":245760,"training/v_loss":0.017358312383294106,"global_step":245760,"training/ent_coef":0.0008600583546412885,"training/pg_loss":-0.10450118780136108,"_runtime":3546.349797225,"_timestamp":1.762942851494026e+09,"training/entropy":1.4916516542434692,"Test/Episode Reward Student on ":-33.12695765496229,"Test/Mean entropy Student on ":1.668191909790039,"training/clipfrac":0.6220184326171875,"training/avg_reward":NaN,"iteration":15,"training/grad_norm":1.7968045473098755,"Test/Video Student on ":{"_type":"video-file","sha256":"349db72640e86c8133970ed9e9dd357975b9445819b00a2b61471b7bb30519ce","size":309887,"path":"media/videos/Test/Video Student on _147457_349db72640e86c813397.mp4","caption":"rl-video-episode-0.mp4"},"_wandb":{"runtime":3546}}