{"training/approx_kl":0.004787270911037922,"training/avg_reward":NaN,"training/ent_coef":0.00099,"Test/Episode Reward Student on ":-105.48785167823169,"training/entropy":2.1099319458007812,"_step":16384,"training/clipfrac":0.0425994873046875,"training/SPS":103,"global_step":16384,"training/n_better_episodes":0,"training/pg_loss":-0.01285243034362793,"iteration":1,"_timestamp":1.7629519578017428e+09,"Test/Mean entropy Student on ":2.100785732269287,"_wandb":{"runtime":171},"training/v_loss":0.5118416547775269,"training/grad_norm":0.37285152077674866,"_runtime":171.121479362}