{"global_step":5816320,"Test/Mean entropy Student on ":0.40613365173339844,"training/entropy":0.38531219959259033,"Test/Episode Reward Student on ":284.4510312399615,"Test/Video Student on ":{"_type":"video-file","sha256":"d23f62935d75faa36a569465c5b34b2ae2b069a3f4575f9e6d849cb48d6b3614","size":31413,"path":"media/videos/Test/Video Student on _5799937_d23f62935d75faa36a56.mp4","caption":"rl-video-episode-14.mp4"},"training/v_loss":8.870969772338867,"training/clipfrac":0.032806396484375,"_runtime":3182,"training/pg_loss":0.015932828187942505,"_wandb":{"runtime":3182},"training/SPS":1828,"training/n_better_episodes":52,"training/grad_norm":10.804978370666504,"training/ent_coef":2.8500920552555182e-05,"training/avg_reward":254.6663818359375,"_timestamp":1.7629479110926073e+09,"iteration":355,"_step":5799937,"training/approx_kl":0.007507397327572107}