{"_timestamp":1.7631130206848319e+09,"training/approx_kl":0.05665719509124756,"iteration":43,"Test/Episode Reward Student on ":-42.42616563855794,"training/grad_norm":6.901735782623291,"training/ent_coef":0.0006491026283684022,"training/avg_reward":-78.35857887701101,"training/entropy":1.319101333618164,"Test/Mean entropy Student on ":2.4034883975982666,"training/clipfrac":0.41014404296875,"training/SPS":160,"global_step":352256,"Test/Video Student on ":{"size":12366,"path":"media/videos/Test/Video Student on _196609_38e4694354bb5a68e61c.mp4","caption":"rl-video-episode-0.mp4","_type":"video-file","sha256":"38e4694354bb5a68e61c8cc54818238d2ef78eccb71aff0824746b7ae3a654bc"},"training/pg_loss":0.005078166723251343,"training/v_loss":32.89762878417969,"_wandb":{"runtime":7980},"_runtime":7980.245031973,"training/n_better_episodes":0,"_step":352256}