{"_wandb":{"runtime":209},"_runtime":209.768337622,"_step":16384,"Teacher_training/chart/Average_reward":-58.70133590698242,"_timestamp":1.762249620926398e+09}