{"global_step":32768,"training/grad_norm":0.30927354097366333,"Test/Episode Reward Student on ":-105.48785167823169,"training/clipfrac":0.0428619384765625,"training/ent_coef":0.0009801,"_timestamp":1.7628843266402192e+09,"training/avg_reward":NaN,"training/pg_loss":-0.005503237247467041,"_runtime":734.102139778,"training/v_loss":0.35726121068000793,"_wandb":{"runtime":734},"training/SPS":97,"Test/Mean entropy Student on ":2.100785732269287,"_step":32768,"training/entropy":2.070171594619751,"iteration":2,"training/approx_kl":0.006671769078820944}