{"_step":245760,"training/pg_loss":-0.10450118780136108,"Test/Mean entropy Student on ":1.668191909790039,"training/SPS":122,"training/entropy":1.4916516542434692,"training/clipfrac":0.6220184326171875,"Test/Episode Reward Student on ":-33.12695765496229,"training/v_loss":0.017358312383294106,"_runtime":5655.210148202,"_wandb":{"runtime":5655},"iteration":15,"training/grad_norm":1.7968045473098755,"global_step":245760,"Test/Video Student on ":{"caption":"rl-video-episode-0.mp4","_type":"video-file","sha256":"349db72640e86c8133970ed9e9dd357975b9445819b00a2b61471b7bb30519ce","size":309887,"path":"media/videos/Test/Video Student on _147457_349db72640e86c813397.mp4"},"training/approx_kl":0.17570063471794128,"training/n_better_episodes":0,"_timestamp":1.7629465116279907e+09,"training/avg_reward":NaN,"training/ent_coef":0.0008600583546412885}