{
  "clip_coef": 0.2149644674115661,
  "ent_coef": 0.0011888029050998636,
  "gae_lambda": 0.9542777985007447,
  "gamma": 0.9967089361894906,
  "hidden_size": 128,
  "learning_rate": 3.0362936200402573e-05,
  "minibatch_size": 256,
  "num_envs": 64,
  "update_epochs": 5,
  "vf_coef": 0.7866190009627734
}