{"global_step":2048,"_timestamp":1.7630441606851952e+09,"_step":0,"Test/Episode Reward Student on ":-55.03919012339402,"Test/Mean entropy Student on ":4.942066669464111,"iteration":1,"_wandb":{"runtime":15},"_runtime":15}