{"training/n_better_episodes":0,"training/approx_kl":0.6388394832611084,"training/avg_reward":-23.71234253570707,"_step":147456,"training/ent_coef":0.0009135172474836409,"_timestamp":1.7629681508602796e+09,"Test/Episode Reward Student on ":-46.51400654496878,"training/pg_loss":-0.13151521980762482,"training/grad_norm":1.6870791912078857,"training/v_loss":0.2941010296344757,"global_step":147456,"training/SPS":41,"Test/Mean entropy Student on ":2.19028902053833,"training/clipfrac":0.7890960693359375,"training/entropy":4.107150077819824,"_wandb":{"runtime":56118},"_runtime":56118.951513611,"iteration":9}