{
  "clip_coef": 0.24557313400115796,
  "ent_coef": 0.0015932426769099167,
  "gae_lambda": 0.940759939400547,
  "gamma": 0.9921037661432409,
  "hidden_size": 256,
  "learning_rate": 1.5279506518698475e-05,
  "minibatch_size": 512,
  "num_envs": 16,
  "update_epochs": 20,
  "vf_coef": 1.316682768334317
}