{"Teacher_training/chart/Average_reward":-58.11625671386719,"iteration":1,"_wandb":{"runtime":164},"_runtime":164.894247531,"_timestamp":1.7625154614195368e+09,"_step":16384}