{"_runtime":431.811810803,"_timestamp":1.761921243022987e+09,"_step":16384,"Teacher_training/chart/Average_reward":-45.76608657836914,"_wandb":{"runtime":431}}