{"training/SPS":122,"training/approx_kl":0.06916827708482742,"training/ent_coef":0.0009227446944279201,"training/avg_reward":NaN,"iteration":8,"_runtime":1081.32731611,"Test/Episode Reward Student on ":-105.48785167823169,"Test/Mean entropy Student on ":2.100785732269287,"_timestamp":1.7629384709677198e+09,"training/clipfrac":0.3543243408203125,"training/grad_norm":0.759910523891449,"training/v_loss":0.03304659575223923,"training/pg_loss":-0.05912565812468529,"global_step":131072,"_wandb":{"runtime":1081},"_step":131072,"training/entropy":1.871132731437683}