{"training/avg_reward":NaN,"training/grad_norm":1.7968045473098755,"training/SPS":120,"Test/Mean entropy Student on ":1.668191909790039,"Test/Video Student on ":{"caption":"rl-video-episode-0.mp4","_type":"video-file","sha256":"349db72640e86c8133970ed9e9dd357975b9445819b00a2b61471b7bb30519ce","size":309887,"path":"media/videos/Test/Video Student on _147457_349db72640e86c813397.mp4"},"training/clipfrac":0.6220184326171875,"_runtime":2803.135876544,"_timestamp":1.7629581351466615e+09,"training/approx_kl":0.17570063471794128,"training/ent_coef":0.0008600583546412885,"training/pg_loss":-0.10450118780136108,"training/v_loss":0.017358312383294106,"Test/Episode Reward Student on ":-33.12695765496229,"training/n_better_episodes":0,"global_step":245760,"_step":245760,"_wandb":{"runtime":2803},"training/entropy":1.4916516542434692,"iteration":15}