{"global_step":131072,"training/pg_loss":-0.05912565812468529,"training/clipfrac":0.3543243408203125,"training/approx_kl":0.06916827708482742,"iteration":8,"training/ent_coef":0.0009227446944279201,"_step":131072,"training/avg_reward":NaN,"Test/Episode Reward Student on ":-105.48785167823169,"_runtime":1944.154458334,"Test/Mean entropy Student on ":2.100785732269287,"training/entropy":1.871132731437683,"training/grad_norm":0.759910523891449,"training/v_loss":0.03304659575223923,"_timestamp":1.7629399552253516e+09,"_wandb":{"runtime":1944},"training/SPS":122}