{"training/approx_kl":0.015138713642954826,"_timestamp":1.7629642226104221e+09,"training/avg_reward":-27.038349250010903,"training/ent_coef":0.0009702990000000001,"_wandb":{"runtime":1582},"training/grad_norm":0.7369903922080994,"training/SPS":38,"global_step":49152,"training/entropy":2.1859078407287598,"_step":49152,"_runtime":1582.136418148,"training/pg_loss":-0.018917176872491837,"Test/Episode Reward Student on ":-92.3046748167778,"training/n_better_episodes":0,"Test/Mean entropy Student on ":2.1038146018981934,"training/clipfrac":0.10250244140625,"iteration":3,"training/v_loss":0.6525042057037354}