{"_wandb":{"runtime":154},"_runtime":154.968677489,"Teacher_training/chart/Average_reward":-51.22905731201172,"_timestamp":1.762246784438189e+09,"_step":16384}