{"training/ent_coef":0.008514577710948755,"Test/Episode Reward Student on ":3.00699117735788,"global_step":262144,"iteration":16,"_timestamp":1.76288413143268e+09,"training/SPS":277,"training/clipfrac":0.085906982421875,"training/v_loss":0.4898717701435089,"Test/Video Student on ":{"_type":"video-file","sha256":"7a26f5006393fbb938ed5efce541ce037c8086898c3ceb5fedcce92ec96f44f4","size":973642,"path":"media/videos/Test/Video Student on _229377_7a26f5006393fbb938ed.mp4","caption":"rl-video-episode-2.mp4"},"training/avg_reward":-25.81627655029297,"Test/Mean entropy Student on ":2.8260281085968018,"training/pg_loss":-0.0020461510866880417,"training/entropy":2.651787757873535,"_wandb":{"runtime":1986},"training/grad_norm":1.2884035110473633,"_step":262144,"training/approx_kl":0.009133409708738327,"_runtime":1986.327084464}