{"Teacher_training/losses/clipfrac":0.12384033203125,"Teacher_training/video":{"path":"media/videos/Teacher_training/video_16384_4e1d08c94b937d2869a3.mp4","caption":"rl-video-episode-0.mp4","_type":"video-file","sha256":"4e1d08c94b937d2869a3c22839fbf57352e4a49936ea96dde90a5ad9a76b7245","size":5978},"_wandb":{"runtime":2924},"Teacher_training/charts/SPS":82,"_runtime":2924.316144574,"Teacher_training/charts/N times avg reward >= target":0,"Teacher_training/charts/learning_rate":0.0001,"_step":229376,"Teacher_training/losses/entropy":1.491856575012207,"_timestamp":1.762252824580756e+09,"Teacher_training/losses/Entropy_coef":0.008687458127689783,"iteration":1,"Teacher_training/losses/approx_kl":0.03994103893637657,"Teacher_training/chart/Average_reward":-72.68418884277344,"Teacher_training/losses/value_loss":9.568806648254395,"Teacher_training/losses/policy_loss":0.02518315427005291,"Teacher_training/losses/explained_variance":0.3037061095237732,"Teacher_training/losses/old_approx_kl":0.013420285657048225}