{"_step":147456,"_runtime":3707.440887777,"training/SPS":79,"global_step":147456,"training/pg_loss":-0.13151521980762482,"Test/Mean entropy Student on ":2.19028902053833,"_timestamp":1.7630285249424481e+09,"iteration":9,"training/n_better_episodes":0,"Test/Episode Reward Student on ":-46.51400654496878,"training/approx_kl":0.6388394832611084,"training/clipfrac":0.7890960693359375,"training/ent_coef":0.0009135172474836409,"training/avg_reward":-23.71234253570707,"training/v_loss":0.2941010296344757,"_wandb":{"runtime":3707},"training/grad_norm":1.6870791912078857,"training/entropy":4.107150077819824}