{"training/ent_coef":0.00099,"_timestamp":1.7630369684958253e+09,"training/approx_kl":2032.107666015625,"training/pg_loss":0.2948750853538513,"Test/Mean entropy Student on ":10.256709098815918,"training/grad_norm":0.07687203586101532,"_step":16384,"training/entropy":10.256815910339355,"Test/Episode Reward Student on ":-16.590529327904612,"training/v_loss":0.41859930753707886,"training/n_better_episodes":0,"training/avg_reward":NaN,"training/SPS":65,"_wandb":{"runtime":279},"iteration":1,"global_step":16384,"_runtime":279.345067637,"training/clipfrac":1}