{"_wandb":{"runtime":17},"_runtime":17,"_timestamp":1.7630361824163628e+09,"_step":1,"Test/Mean entropy Student on ":1.3709867000579834,"Test/Video Student on ":{"size":2489,"path":"media/videos/Test/Video Student on _1_641efcd56310a9885228.mp4","caption":"rl-video-episode-0.mp4","_type":"video-file","sha256":"641efcd56310a9885228b89f1c0382727ce823133fff9c9fff84cba42f349c0a"},"iteration":1,"Test/Episode Reward Student on ":-628.1043863663332,"global_step":1152}