{"_timestamp":1.7619203769811885e+09,"_wandb":{"runtime":425},"_runtime":425.949754109,"_step":16384,"Teacher_training/chart/Average_reward":-55.9344367980957}