{
  "clip_coef": 0.2712334858819918,
  "ent_coef": 0.00016112258936629655,
  "gae_lambda": 0.9260543950200748,
  "gamma": 0.997014016449849,
  "hidden_size": 64,
  "learning_rate": 2.4648405354312648e-05,
  "minibatch_size": 512,
  "num_envs": 64,
  "update_epochs": 40,
  "vf_coef": 0.7137779798360857
}