{"iteration":14,"_wandb":{"runtime":245},"global_step":28672,"Test/Mean entropy Student on ":3.639472246170044,"training/avg_reward":-84.66838541073867,"_runtime":245.26004959,"training/SPS":116,"_step":28672,"training/entropy":3.3369932174682617,"Test/Video Student on ":{"_type":"video-file","sha256":"8ef41390d5cea995f9d5b60e7e921bcd807a12cb9bd0cf707a6f2c08ee01608e","size":13159,"path":"media/videos/Test/Video Student on _18433_8ef41390d5cea995f9d5.mp4","caption":"rl-video-episode-0.mp4"},"training/approx_kl":0.016244497150182724,"training/clipfrac":0.26923828125,"training/n_better_episodes":0,"Test/Episode Reward Student on ":-48.072903013696646,"_timestamp":1.7630452274421892e+09,"training/v_loss":55.99229431152344,"training/grad_norm":2.1719634532928467,"training/ent_coef":0.0008687458127689783,"training/pg_loss":-0.0596623569726944}