{"_runtime":1809.031843311,"_step":16384,"Teacher_training/chart/Average_reward":-60.0620002746582,"_timestamp":1.762247719590125e+09,"_wandb":{"runtime":1809}}