{"Teacher_training/losses/old_approx_kl":0.015666022896766663,"_timestamp":1.7619193795836642e+09,"_runtime":3761.831726023,"_wandb":{"runtime":3761},"Teacher_training/charts/learning_rate":0.0001,"Teacher_training/chart/Average_reward":218.9634246826172,"Teacher_training/losses/value_loss":230.88714599609375,"Teacher_training/losses/clipfrac":0.0179443359375,"Teacher_training/charts/SPS":1906,"_step":7176192,"Teacher_training/losses/policy_loss":0.012284498661756516,"iteration":435,"Teacher_training/video":{"sha256":"db7c1f68a9c0c5f85c719b55880573dad0dc4e58cbabad46241df582705bdd37","size":113811,"path":"media/videos/Teacher_training/video_7127040_db7c1f68a9c0c5f85c71.mp4","caption":"rl-video-episode-1050.mp4","_type":"video-file"},"Teacher_training/losses/explained_variance":0.7036005258560181,"Teacher_training/losses/approx_kl":0.0037705758586525917,"Teacher_training/losses/Entropy_coef":0.0001237599254632405,"Teacher_training/losses/entropy":0.4930887520313263}