{"_wandb":{"runtime":1243},"training/SPS":28,"training/ent_coef":0.00099,"_step":16384,"Test/Episode Reward Student on ":-16.590529327904612,"training/approx_kl":2032.107666015625,"training/entropy":10.256815910339355,"training/v_loss":0.41859930753707886,"Test/Mean entropy Student on ":10.256709098815918,"global_step":16384,"training/n_better_episodes":0,"_runtime":1243.106272372,"iteration":1,"training/avg_reward":NaN,"training/pg_loss":0.2948750853538513,"training/clipfrac":1,"training/grad_norm":0.07687203586101532,"_timestamp":1.7630386077570708e+09}