{"training/entropy":2.105264663696289,"training/ent_coef":0.0009702990000000001,"global_step":49152,"iteration":3,"training/v_loss":0.7311000823974609,"training/clipfrac":0.0994171142578125,"Test/Episode Reward Student on ":-105.48785167823169,"training/grad_norm":0.5784425139427185,"_wandb":{"runtime":428},"_step":49152,"training/approx_kl":0.018576577305793762,"_runtime":428.366353912,"_timestamp":1.7628851481919575e+09,"training/SPS":118,"training/pg_loss":-0.01981007680296898,"Test/Mean entropy Student on ":2.100785732269287,"training/avg_reward":-24.08554458618164}