{"Teacher_training/chart/Average_reward":-59.191650390625,"_timestamp":1.7622498559183905e+09,"_wandb":{"runtime":329},"_runtime":329.804014976,"_step":16384}