{"training/grad_norm":5.719678483728785e-06,"iteration":1737,"training/entropy":6.41319342927485e-24,"training/v_loss":1.1043610470551357e-11,"Test/Mean entropy Student on ":6.413168580156335e-24,"Test/Video Student on ":{"path":"media/videos/Test/Video Student on _1986049_0d4cba61b6cdcfc78093.mp4","caption":"rl-video-episode-69.mp4","_type":"video-file","sha256":"0d4cba61b6cdcfc78093af316e40d85e549175fa2ddf906f1b013652a4c508d4","size":22967},"_timestamp":1.7629780272018764e+09,"training/approx_kl":0,"_wandb":{"runtime":16733},"_step":2001024,"Test/Episode Reward Student on ":-504.121626781133,"global_step":2001024,"training/n_better_episodes":0,"training/ent_coef":2.620191394446501e-11,"_runtime":16733.548239755,"training/SPS":119,"training/Distillation_loss":Infinity,"training/avg_reward":-519.2853197915862}